scan_id,scan_time_uk,strategy_version,git_commit_sha,github_run_id,hour_uk,weekday_number,weekday_name,is_weekend,btc_trend,btc_change8_pct,btc_atr14_pct,btc_adx14,btc_rsi14,instrument,decision,rejected,rejection_reason_codes,rejection_reason_text,decision_latency_ms,decision_latency_seconds,selected_for_entry,direction,target_pct,hit_rate_pct,decided_samples,change8_pct,change24_pct,rsi14,rsi_vs_ma9,macd_hist,macd_position,stoch_k,stoch_d,adx14,atr14,atr14_pct_of_price,volume_vs_ma20,obv_trend5,ema200_position,cvd_proxy_trend5,entry_conditions,diagnostic_checks,analysis_round_trip_fee_pct,analysis_round_trip_slippage_pct,next_candle_direction_confirmed,bid_price,ask_price,spread_abs,spread_pct_mid,volume24h,volume_currency24h,volume_usd24h,high24h,low24h,funding_rate,funding_rate_pct,funding_time_ms,data_quality_ok,data_quality_flag_count,data_quality_flags,h1_directional_close_pct,h1_mfe_pct,h1_mae_pct,h1_tp_hit,h1_sl_hit,h1_first_event,h1_net_close_after_costs_pct,h2_directional_close_pct,h2_mfe_pct,h2_mae_pct,h2_tp_hit,h2_sl_hit,h2_first_event,h2_net_close_after_costs_pct,h4_directional_close_pct,h4_mfe_pct,h4_mae_pct,h4_tp_hit,h4_sl_hit,h4_first_event,h4_net_close_after_costs_pct,h8_directional_close_pct,h8_mfe_pct,h8_mae_pct,h8_tp_hit,h8_sl_hit,h8_first_event,h8_net_close_after_costs_pct,actual_trade,actual_fee_usdt,actual_fee_pct_of_notional,actual_entry_slippage_pct_if_available,actual_net_pnl_usdt,live_run_started_at_ms,signal_bar_close_at_ms,signal_selected_at_ms,order_submit_started_at_ms,order_ack_at_ms,signal_selected_ms_after_candle_close,order_submit_ms_after_candle_close,order_ack_ms_after_candle_close,run_start_to_signal_selected_ms,signal_selected_to_order_submit_ms,exchange_order_round_trip_ms
56027360b16850159441a8acb74bbfc7,2026-10-05T13:00:09.394863+01:00,live-entry-v1,5ec6b4bb139df91931bb40dcd39c6c53243e6274,37305646946,13,0,Monday,False,BULLISH,0.20374106743108467,0.23364039515146073,15.971988655262859,53.39079819196187,FLUID-USDT,BRAK_SYGNALU_KIERUNKOWEGO,True,"[""NO_DIRECTION_SIGNAL""]","[""brak pełnego sygnału kierunkowego""]",9394,9.394,False,,,,,,26.337209302325594,86.48539073981568,ABOVE,0.034459081383253674,BULLISH,89.64577656675755,96.28543429418237,51.423441304923344,0.03651391209316173,1.6803457014800613,ABOVE,RISING,ABOVE,RISING,"{""direction_signal"":""FAIL"",""stochastic_direction"":""FAIL"",""momentum_8_bars"":""N/A"",""target_distance"":""N/A"",""historical_sample_size"":""N/A"",""historical_hit_rate"":""N/A"",""overall_entry"":""FAIL""}",{},0.12,0.0,,2.175,2.179,0.0040000000000000036,0.18373909049150228,190804.0,19080.4,,2.211,1.715,6.03217721841873e-05,0.00603217721841873,1791216000000,True,0,[],,,,,,,,,,,,,,,,,,,,,,,,,,,,,False,,,,,,,,,,,,,,,
56027360b16850159441a8acb74bbfc7,2026-10-05T13:00:09.394863+01:00,live-entry-v1,5ec6b4bb139df91931bb40dcd39c6c53243e6274,37305646946,13,0,Monday,False,BULLISH,0.20374106743108467,0.23364039515146073,15.971988655262859,53.39079819196187,MOVR-USDT,NIE_WCHODZIC,True,"[""HIT_RATE_TOO_LOW""]","[""skuteczność 20.3% < 65%""]",9394,9.394,False,SHORT,3.2010361735590678,20.27027027027027,74,-4.888028509833253,18.825922057934363,58.32012648047388,BELOW,-0.01658304362866936,BEARISH,23.617747440273,29.840728100113722,47.60184258125181,0.07533482256955616,3.484819251066526,BELOW,FALLING,ABOVE,FALLING,"{""direction_signal"":""PASS"",""stochastic_direction"":""PASS"",""momentum_8_bars"":""PASS"",""target_distance"":""PASS"",""historical_sample_size"":""PASS"",""historical_hit_rate"":""FAIL"",""overall_entry"":""FAIL""}","{""volume_above_ma20"":""FAIL"",""rsi_directional"":""FAIL"",""macd_directional"":""PASS"",""stochastic_k_vs_d"":""PASS"",""adx_25_plus"":""PASS"",""obv_directional"":""PASS"",""ema200_directional"":""FAIL"",""cvd_proxy_directional"":""PASS"",""candle_directional"":""PASS""}",0.12,0.0,,2.1566,2.1586,0.0019999999999997797,0.09269558769001575,592600.9,592600.9,,2.3856,1.65,-0.001268671178101262,-0.1268671178101262,1791216000000,True,0,[],,,,,,,,,,,,,,,,,,,,,,,,,,,,,False,,,,,,,,,,,,,,,
56027360b16850159441a8acb74bbfc7,2026-10-05T13:00:09.394863+01:00,live-entry-v1,5ec6b4bb139df91931bb40dcd39c6c53243e6274,37305646946,13,0,Monday,False,BULLISH,0.20374106743108467,0.23364039515146073,15.971988655262859,53.39079819196187,PARTI-USDT,NIE_WCHODZIC,True,"[""HIT_RATE_TOO_LOW"",""TARGET_TOO_CLOSE""]","[""cel tylko 0.48% < 1.0%"",""skuteczność 63.0% < 65%""]",9394,9.394,False,LONG,0.47831632653062595,63.013698630136986,146,1.4886731391585695,13.458755426917502,70.6405188626093,BELOW,2.7171587290776003e-05,BULLISH,89.1304347826084,78.69388476493441,51.487281440608186,0.00036227992050288525,1.1552293383382821,BELOW,RISING,ABOVE,RISING,"{""direction_signal"":""PASS"",""stochastic_direction"":""PASS"",""momentum_8_bars"":""PASS"",""target_distance"":""FAIL"",""historical_sample_size"":""PASS"",""historical_hit_rate"":""FAIL"",""overall_entry"":""FAIL""}","{""volume_above_ma20"":""FAIL"",""rsi_directional"":""PASS"",""macd_directional"":""PASS"",""stochastic_k_vs_d"":""PASS"",""adx_25_plus"":""PASS"",""obv_directional"":""PASS"",""ema200_directional"":""PASS"",""cvd_proxy_directional"":""PASS"",""candle_directional"":""PASS""}",0.12,0.0,,0.0313,0.03133,2.9999999999995308e-05,0.09580073447228266,954046.0,954046.0,,0.03151,0.02722,3.55895361936759e-05,0.00355895361936759,1791216000000,True,0,[],,,,,,,,,,,,,,,,,,,,,,,,,,,,,False,,,,,,,,,,,,,,,
56027360b16850159441a8acb74bbfc7,2026-10-05T13:00:09.394863+01:00,live-entry-v1,5ec6b4bb139df91931bb40dcd39c6c53243e6274,37305646946,13,0,Monday,False,BULLISH,0.20374106743108467,0.23364039515146073,15.971988655262859,53.39079819196187,FET-USDT,NIE_WCHODZIC,True,"[""HIT_RATE_TOO_LOW""]","[""skuteczność 16.7% < 65%""]",9394,9.394,False,LONG,3.2245827010622183,16.666666666666668,66,0.6875477463712754,12.505335040546296,55.26209496742215,ABOVE,-0.000387672012328895,BEARISH,74.9999999999998,53.2170542635661,20.768371582677066,0.0032222969686367393,1.2224191838530878,BELOW,RISING,ABOVE,RISING,"{""direction_signal"":""PASS"",""stochastic_direction"":""PASS"",""momentum_8_bars"":""PASS"",""target_distance"":""PASS"",""historical_sample_size"":""PASS"",""historical_hit_rate"":""FAIL"",""overall_entry"":""FAIL""}","{""volume_above_ma20"":""FAIL"",""rsi_directional"":""PASS"",""macd_directional"":""FAIL"",""stochastic_k_vs_d"":""PASS"",""adx_25_plus"":""FAIL"",""obv_directional"":""PASS"",""ema200_directional"":""PASS"",""cvd_proxy_directional"":""PASS"",""candle_directional"":""PASS""}",0.12,0.0,,0.2631,0.2634,0.00030000000000002247,0.1139601139601225,17836830.0,17836830.0,,0.2721,0.2341,0.00022,0.022000000000000002,1791216000000,True,0,[],,,,,,,,,,,,,,,,,,,,,,,,,,,,,False,,,,,,,,,,,,,,,
56027360b16850159441a8acb74bbfc7,2026-10-05T13:00:09.394863+01:00,live-entry-v1,5ec6b4bb139df91931bb40dcd39c6c53243e6274,37305646946,13,0,Monday,False,BULLISH,0.20374106743108467,0.23364039515146073,15.971988655262859,53.39079819196187,NIL-USDT,BRAK_SYGNALU_KIERUNKOWEGO,True,"[""NO_DIRECTION_SIGNAL""]","[""brak pełnego sygnału kierunkowego""]",9394,9.394,False,,,,,,11.211072664359879,42.87125312110789,ABOVE,-0.00030194483961183216,BEARISH,48.46938775510228,37.69615831319487,27.449102950356252,0.0016899852498581806,1.752733094646526,BELOW,FALLING,ABOVE,FALLING,"{""direction_signal"":""FAIL"",""stochastic_direction"":""FAIL"",""momentum_8_bars"":""N/A"",""target_distance"":""N/A"",""historical_sample_size"":""N/A"",""historical_hit_rate"":""N/A"",""overall_entry"":""FAIL""}",{},0.12,0.0,,0.09656,0.09658,1.9999999999992246e-05,0.020710365537943715,5410954.0,5410954.0,,0.10834,0.08589,7.600768802934264e-05,0.007600768802934264,1791216000000,True,0,[],,,,,,,,,,,,,,,,,,,,,,,,,,,,,False,,,,,,,,,,,,,,,
56027360b16850159441a8acb74bbfc7,2026-10-05T13:00:09.394863+01:00,live-entry-v1,5ec6b4bb139df91931bb40dcd39c6c53243e6274,37305646946,13,0,Monday,False,BULLISH,0.20374106743108467,0.23364039515146073,15.971988655262859,53.39079819196187,ADA-USDT,NIE_WCHODZIC,True,"[""HIT_RATE_TOO_LOW"",""TARGET_TOO_CLOSE""]","[""cel tylko 0.99% < 1.0%"",""skuteczność 51.6% < 65%""]",9394,9.394,False,SHORT,0.9900990099009829,51.5625,64,-0.5470459518599591,11.138310893512827,54.729413565755735,BELOW,-0.0002663535239913557,BEARISH,32.43243243243203,45.86209286209254,35.77757725073916,0.0019641905881605036,0.7202752431831696,ABOVE,RISING,ABOVE,RISING,"{""direction_signal"":""PASS"",""stochastic_direction"":""PASS"",""momentum_8_bars"":""PASS"",""target_distance"":""FAIL"",""historical_sample_size"":""PASS"",""historical_hit_rate"":""FAIL"",""overall_entry"":""FAIL""}","{""volume_above_ma20"":""PASS"",""rsi_directional"":""FAIL"",""macd_directional"":""PASS"",""stochastic_k_vs_d"":""PASS"",""adx_25_plus"":""PASS"",""obv_directional"":""FAIL"",""ema200_directional"":""FAIL"",""cvd_proxy_directional"":""FAIL"",""candle_directional"":""FAIL""}",0.12,0.0,,0.2723,0.2724,9.999999999998899e-05,0.03671745915182265,141536.45,14153645.0,,0.2752,0.244,0.00022,0.022000000000000002,1791216000000,True,0,[],,,,,,,,,,,,,,,,,,,,,,,,,,,,,False,,,,,,,,,,,,,,,
56027360b16850159441a8acb74bbfc7,2026-10-05T13:00:09.394863+01:00,live-entry-v1,5ec6b4bb139df91931bb40dcd39c6c53243e6274,37305646946,13,0,Monday,False,BULLISH,0.20374106743108467,0.23364039515146073,15.971988655262859,53.39079819196187,CHIP-USDT,BRAK_SYGNALU_KIERUNKOWEGO,True,"[""NO_DIRECTION_SIGNAL""]","[""brak pełnego sygnału kierunkowego""]",9394,9.394,False,,,,,,11.043906810035843,51.72986349758579,BELOW,-5.24031712188121e-05,BEARISH,33.333333333333904,18.863988155327004,24.547158400929238,0.00039988681451027754,0.8067113466013265,ABOVE,RISING,ABOVE,RISING,"{""direction_signal"":""FAIL"",""stochastic_direction"":""FAIL"",""momentum_8_bars"":""N/A"",""target_distance"":""N/A"",""historical_sample_size"":""N/A"",""historical_hit_rate"":""N/A"",""overall_entry"":""FAIL""}",{},0.12,0.0,,0.04955,0.04957,2.0000000000006124e-05,0.04035512510090017,156171.0,1561710.0,,0.05075,0.04466,7.098475653802612e-05,0.007098475653802613,1791216000000,True,0,[],,,,,,,,,,,,,,,,,,,,,,,,,,,,,False,,,,,,,,,,,,,,,
56027360b16850159441a8acb74bbfc7,2026-10-05T13:00:09.394863+01:00,live-entry-v1,5ec6b4bb139df91931bb40dcd39c6c53243e6274,37305646946,13,0,Monday,False,BULLISH,0.20374106743108467,0.23364039515146073,15.971988655262859,53.39079819196187,VIRTUAL-USDT,NIE_WCHODZIC,True,"[""TARGET_TOO_CLOSE""]","[""cel tylko 0.17% < 1.0%""]",9394,9.394,False,SHORT,0.17349063150590524,74.54545454545455,110,-0.4948785821153101,10.112073357106466,45.58199281146822,BELOW,-0.0017084142636394606,BEARISH,20.00000000000034,21.020405116952656,20.713016603295042,0.006035089336069406,0.6980209734061307,ABOVE,RISING,ABOVE,RISING,"{""direction_signal"":""PASS"",""stochastic_direction"":""PASS"",""momentum_8_bars"":""PASS"",""target_distance"":""FAIL"",""historical_sample_size"":""PASS"",""historical_hit_rate"":""PASS"",""overall_entry"":""FAIL""}","{""volume_above_ma20"":""PASS"",""rsi_directional"":""PASS"",""macd_directional"":""PASS"",""stochastic_k_vs_d"":""PASS"",""adx_25_plus"":""FAIL"",""obv_directional"":""FAIL"",""ema200_directional"":""FAIL"",""cvd_proxy_directional"":""FAIL"",""candle_directional"":""FAIL""}",0.12,0.0,,0.8644,0.8646,0.000200000000000089,0.023134759976875533,859696.0,859696.0,,0.8839,0.7839,0.00017,0.017,1791216000000,True,0,[],,,,,,,,,,,,,,,,,,,,,,,,,,,,,False,,,,,,,,,,,,,,,
56027360b16850159441a8acb74bbfc7,2026-10-05T13:00:09.394863+01:00,live-entry-v1,5ec6b4bb139df91931bb40dcd39c6c53243e6274,37305646946,13,0,Monday,False,BULLISH,0.20374106743108467,0.23364039515146073,15.971988655262859,53.39079819196187,ENA-USDT,NIE_WCHODZIC,True,"[""HIT_RATE_TOO_LOW"",""NOT_ENOUGH_HISTORY"",""NO_SUPPORT_RESISTANCE_TARGET""]","[""brak najbliższego celu S/R"",""brak backtestu""]",9394,9.394,False,LONG,,,0,6.172889775642321,9.720176730485996,67.90961098048959,ABOVE,0.0007037190222706413,BULLISH,89.96539792387532,89.79238754325252,37.678951791200134,0.0036037346856969098,1.3820650760103204,ABOVE,FALLING,ABOVE,FALLING,"{""direction_signal"":""PASS"",""stochastic_direction"":""PASS"",""momentum_8_bars"":""PASS"",""target_distance"":""FAIL"",""historical_sample_size"":""FAIL"",""historical_hit_rate"":""FAIL"",""overall_entry"":""FAIL""}","{""volume_above_ma20"":""PASS"",""rsi_directional"":""PASS"",""macd_directional"":""PASS"",""stochastic_k_vs_d"":""PASS"",""adx_25_plus"":""PASS"",""obv_directional"":""FAIL"",""ema200_directional"":""PASS"",""cvd_proxy_directional"":""FAIL"",""candle_directional"":""PASS""}",0.12,0.0,,0.26027,0.26028,1.0000000000010001e-05,0.0038420900970166172,1018542.5,10185425.0,,0.26249,0.23425,0.00017,0.017,1791216000000,True,0,[],,,,,,,,,,,,,,,,,,,,,,,,,,,,,False,,,,,,,,,,,,,,,
56027360b16850159441a8acb74bbfc7,2026-10-05T13:00:09.394863+01:00,live-entry-v1,5ec6b4bb139df91931bb40dcd39c6c53243e6274,37305646946,13,0,Monday,False,BULLISH,0.20374106743108467,0.23364039515146073,15.971988655262859,53.39079819196187,ORCA-USDT,NIE_WCHODZIC,True,"[""HIT_RATE_TOO_LOW""]","[""skuteczność 9.2% < 65%""]",9394,9.394,False,LONG,3.587670540677096,9.174311926605505,109,0.20253164556962577,9.579180509413066,47.71909513022696,ABOVE,-0.0007162212857512954,BEARISH,90.62500000000034,77.68308080808087,16.56503429921304,0.016310226612376064,0.8241650637885832,BELOW,FALLING,ABOVE,FALLING,"{""direction_signal"":""PASS"",""stochastic_direction"":""PASS"",""momentum_8_bars"":""PASS"",""target_distance"":""PASS"",""historical_sample_size"":""PASS"",""historical_hit_rate"":""FAIL"",""overall_entry"":""FAIL""}","{""volume_above_ma20"":""FAIL"",""rsi_directional"":""FAIL"",""macd_directional"":""FAIL"",""stochastic_k_vs_d"":""PASS"",""adx_25_plus"":""FAIL"",""obv_directional"":""FAIL"",""ema200_directional"":""PASS"",""cvd_proxy_directional"":""FAIL"",""candle_directional"":""PASS""}",0.12,0.0,,1.973,1.976,0.0029999999999998916,0.15193719929095426,132350.0,132350.0,,2.169,1.787,-0.0012237180501171226,-0.12237180501171227,1791216000000,True,0,[],,,,,,,,,,,,,,,,,,,,,,,,,,,,,False,,,,,,,,,,,,,,,
