probe,target_utc,actual_start_utc,start_after_target_ms
1,2026-10-05T12:00:02+00:00,2026-10-05T12:00:02.000122+00:00,0
2,2026-10-05T12:15:02+00:00,2026-10-05T12:15:02.000117+00:00,0
3,2026-10-05T12:30:02+00:00,2026-10-05T12:30:02.000116+00:00,0
4,2026-10-05T12:45:02+00:00,2026-10-05T12:45:02.000140+00:00,0
1,2026-10-05T13:00:02+00:00,2026-10-05T13:00:02.000132+00:00,0
2,2026-10-05T13:15:02+00:00,2026-10-05T13:15:02.000143+00:00,0
3,2026-10-05T13:30:02+00:00,2026-10-05T13:30:02.000136+00:00,0
4,2026-10-05T13:45:02+00:00,2026-10-05T13:45:02.000142+00:00,0
5,2026-10-05T14:00:02+00:00,2026-10-05T14:00:02.000149+00:00,0
6,2026-10-05T14:15:02+00:00,2026-10-05T14:15:02.000143+00:00,0
7,2026-10-05T14:30:02+00:00,2026-10-05T14:30:02.000129+00:00,0
8,2026-10-05T14:45:02+00:00,2026-10-05T14:45:02.000143+00:00,0
9,2026-10-05T15:00:02+00:00,2026-10-05T15:00:02.000135+00:00,0
10,2026-10-05T15:15:02+00:00,2026-10-05T15:15:02.000136+00:00,0
11,2026-10-05T15:30:02+00:00,2026-10-05T15:30:02.000156+00:00,0
12,2026-10-05T15:45:02+00:00,2026-10-05T15:45:02.000139+00:00,0
13,2026-10-05T16:00:02+00:00,2026-10-05T16:00:02.000140+00:00,0
14,2026-10-05T16:15:02+00:00,2026-10-05T16:15:02.000113+00:00,0
15,2026-10-05T16:30:02+00:00,2026-10-05T16:30:02.000144+00:00,0
16,2026-10-05T16:45:02+00:00,2026-10-05T16:45:02.000125+00:00,0
17,2026-10-05T17:00:02+00:00,2026-10-05T17:00:02.000135+00:00,0
18,2026-10-05T17:15:02+00:00,2026-10-05T17:15:02.000131+00:00,0
19,2026-10-05T17:30:02+00:00,2026-10-05T17:30:02.000130+00:00,0
20,2026-10-05T17:45:02+00:00,2026-10-05T17:45:02.000144+00:00,0
